{
  "questions": 500,
  "recall_at_1": 0.924,
  "recall_at_5": 0.99,
  "recall_at_10": 0.996,
  "mrr": 0.955200980392157,
  "ndcg_at_10": 0.9509480667273997,
  "tolerance": 0.01,
  "source": "benchmarks/raw/bge-small-en-v1.5/longmemeval.json"
}
